{"left-blog":{"search-2":{"title":"","widget_style":"default","adoptions":false,"widget_display":{"display_select":"all","taxonomy-slugs":"","post-type":"","catid":"","postid":""}},"categories-4":{"title":"Blog Categories","count":1,"hierarchical":1,"dropdown":0,"widget_style":"default","adoptions":false,"widget_display":{"display_select":"all","taxonomy-slugs":"","post-type":"","catid":"","postid":""}},"ya_posts-2":{"title":"Popular Posts","category":18,"orderby":"ID","order":"ASC","numberposts":4,"include":"0","exclude":"0","length":25,"widget_template":"popurlar","widget_style":"default","adoptions":"on","widget_display":{"display_select":"all","taxonomy-slugs":"","post-type":"","catid":"","postid":""}},"text-8":{"title":"","text":"<div class=\"banner-sidebar\">\r\n<a href=\"#\" title=\"Banner Sidebar\"><img src=\"wp-content\/uploads\/2015\/07\/banner-cat.jpg\" alt=\"Banner Sidebar\"><\/a>\r\n<\/div>","filter":false,"widget_style":"default","adoptions":false,"widget_display":{"display_select":"all","taxonomy-slugs":"","post-type":"","catid":"","postid":""}},"archives-2":{"title":"","count":1,"dropdown":0,"widget_style":"default","adoptions":false,"widget_display":{"display_select":"all","taxonomy-slugs":"","post-type":"","catid":"","postid":""}},"tag_cloud-2":{"title":"Popular Tags","taxonomy":"post_tag","widget_style":"default","adoptions":false,"widget_display":{"display_select":"all","taxonomy-slugs":"","post-type":"","catid":"","postid":""}}},"right-blog":{"search-3":{"title":"","widget_style":"default","adoptions":false,"widget_display":{"display_select":"all","taxonomy-slugs":"","post-type":"","catid":"","postid":""}},"categories-5":{"title":"Blog Categories","count":1,"hierarchical":1,"dropdown":0,"widget_style":"default","adoptions":false,"widget_display":{"display_select":"all","taxonomy-slugs":"","post-type":"","catid":"","postid":""}},"ya_posts-3":{"title":"Popular Posts","category":18,"orderby":"ID","order":"ASC","numberposts":4,"include":"0","exclude":"0","length":25,"widget_template":"popurlar","widget_style":"default","adoptions":false,"widget_display":{"display_select":"all","taxonomy-slugs":"","post-type":"","catid":"","postid":""}},"text-9":{"title":"","text":"<div class=\"banner-sidebar\">\r\n<a href=\"#\" title=\"Banner Sidebar\"><img src=\"wp-content\/uploads\/2015\/07\/banner-cat.jpg\" alt=\"Banner Sidebar\"><\/a>\r\n<\/div>","filter":false,"widget_style":"default","adoptions":false,"widget_display":{"display_select":"all","taxonomy-slugs":"","post-type":"","catid":"","postid":""}},"archives-3":{"title":"","count":1,"dropdown":0,"widget_style":"default","adoptions":false,"widget_display":{"display_select":"all","taxonomy-slugs":"","post-type":"","catid":"","postid":""}},"tag_cloud-3":{"title":"","taxonomy":"post_tag","widget_style":"default","adoptions":false,"widget_display":{"display_select":"all","taxonomy-slugs":"","post-type":"","catid":"","postid":""}}},"top":{"text-2":{"title":"","text":"<div id=\"lang_sel\">\r\n\t<ul class=\"nav\">\r\n\t\t<li>\r\n\t\t\t<a class=\"lang_sel_sel icl-en\" href=\"#\">\r\n\t\t\t\t<img class=\"iclflag\" title=\"English\" alt=\"en\" src=\"wp-content\/themes\/sw_atom\/assets\/img\/en.png\">\r\n\t\t\t\t English\r\n\t\t\t<\/a>\r\n\t\t\t<ul>\r\n\t\t\t\t<li class=\"icl-en\">\r\n\t\t\t\t\t<a href=\"[bloginfo]?page_id=5&amp;direction=ltr\">\r\n\t\t\t\t\t\t<img class=\"iclflag\" title=\"English\" alt=\"en\" src=\"wp-content\/themes\/sw_atom\/assets\/img\/en.png\">\r\n\t\t\t\t\t\t English\r\n\t\t\t\t\t<\/a>\r\n\t\t\t\t<\/li>\r\n\t\t\t\t<li class=\"icl-ar\">\r\n\t\t\t\t\t<a href=\"[bloginfo]?page_id=5&amp;direction=rtl\">\r\n\t\t\t\t\t\t<img class=\"iclflag\" title=\"Arabic\" alt=\"ar\" src=\"wp-content\/themes\/sw_atom\/assets\/img\/ar.png\">\r\n\t\t\t\t\t\tArabic\r\n\t\t\t\t\t<\/a>\r\n\t\t\t\t<\/li>\r\n\t\t\t<\/ul>\r\n\t\t<\/li>\r\n\t<\/ul>\r\n<\/div>","filter":false,"widget_style":"language","adoptions":"on","widget_display":{"display_select":"all","taxonomy-slugs":"","post-type":"","catid":"","postid":""}},"woocommerce_currency_converter-2":{"title":"","currency_codes":"USD\r\nEUR\r\n","show_reset":"","widget_style":"default","adoptions":"on","widget_display":{"display_select":"all","checkbox":{"users":{"login":"on"}},"taxonomy-slugs":"","post-type":"","catid":"","postid":""}},"ya_top-2":{"title":"","widget_template":"login","widget_style":"pull-right","adoptions":"on","widget_display":{"display_select":"all","taxonomy-slugs":"","post-type":"","catid":"","postid":""}},"nav_menu-2":{"nav_menu":9,"widget_style":"pull-right","adoptions":"on","widget_display":{"display_select":"all","taxonomy-slugs":"","post-type":"","catid":"","postid":""}}},"bottom-detail-product":{"sw_woo_slider_content-2":{"title1":"Up-sell Products","description1":"","orderby":"ID","order":"ASC","numberposts":5,"length":25,"item_row":1,"columns":4,"columns1":4,"columns2":3,"columns3":2,"columns4":1,"interval":5000,"speed":1000,"scroll":1,"autoplay":"false","widget_template":"upsell","widget_style":"default","adoptions":false,"widget_display":{"display_select":"all","taxonomy-slugs":"","post-type":"","catid":"","postid":""},"category":[0]}},"sidebar-top-cat":{"text-7":{"title":"","text":"<div class=\"banner-sidebar-top\">\r\n<a href=\"#\" title=\"Banner Top Category\"><img src=\"wp-content\/uploads\/2015\/07\/images-top-cat.jpg\" alt=\"Banner Top Category\"><\/a>\r\n<\/div>","filter":false,"widget_style":"default","adoptions":false,"widget_display":{"display_select":"all","taxonomy-slugs":"","post-type":"","catid":"","postid":""}}},"left-product":{"ya_relate_product-2":{"title":"Related Products","numberposts":4,"widget_template":"theme2","widget_style":"default","adoptions":"on","widget_display":{"display_select":"if_selected","checkbox":{"users":{"login":"on","logout":"on"}},"taxonomy-slugs":"","post-type":"product_detail","catid":"","postid":""}},"yith-woocompare-widget-2":{"title":"Compare  Products","widget_style":"default","adoptions":"on","widget_display":{"display_select":"if_selected","checkbox":{"users":{"login":"on","logout":"on"}},"taxonomy-slugs":"","post-type":"product_detail","catid":"","postid":""}},"woocommerce_product_categories-3":{"title":"Categories","orderby":"name","dropdown":0,"count":"1","hierarchical":0,"show_children_only":"1","widget_style":"default","adoptions":"on","widget_display":{"display_select":"if_selected","checkbox":{"users":{"login":"on","logout":"on"}},"taxonomy-slugs":"product_cat","post-type":"product","catid":"","postid":""}},"woocommerce_price_filter-2":{"title":"Price","widget_style":"default","adoptions":"on","widget_display":{"display_select":"if_selected","checkbox":{"users":{"login":"on","logout":"on"}},"taxonomy-slugs":"product_cat","post-type":"product","catid":"","postid":""}},"tag_cloud-4":{"title":"Popular Tags","taxonomy":"product_tag","widget_style":"default","adoptions":"on","widget_display":{"display_select":"if_selected","checkbox":{"users":{"login":"on","logout":"on"}},"taxonomy-slugs":"","post-type":"product_detail","catid":"","postid":""}},"text-11":{"title":"","text":"[ya_recommend numberposts=\"4\" title=\"Recommend\"]","filter":false,"widget_style":"default","adoptions":"on","widget_display":{"display_select":"if_selected","checkbox":{"users":{"login":"on","logout":"on"}},"taxonomy-slugs":"product_cat","post-type":"product","catid":"","postid":""}},"text-6":{"title":"","text":"<div class=\"banner-sidebar\">\r\n<a href=\"#\" title=\"Banner Sidebar\"><img src=\"wp-content\/uploads\/2015\/07\/banner-cat.jpg\" alt=\"Banner Sidebar\"><\/a>\r\n<\/div>","filter":false,"widget_style":"default","adoptions":false,"widget_display":{"display_select":"all","taxonomy-slugs":"","post-type":"","catid":"","postid":""}}},"right-product":{"ya_relate_product-3":{"title":"Related Products","numberposts":4,"widget_template":"theme2","widget_style":"default","adoptions":"on","widget_display":{"display_select":"if_selected","checkbox":{"users":{"login":"on","logout":"on"}},"taxonomy-slugs":"","post-type":"product_detail","catid":"","postid":""}},"yith-woocompare-widget-3":{"title":"Compare  Products","widget_style":"default","adoptions":"on","widget_display":{"display_select":"if_selected","checkbox":{"users":{"login":"on","logout":"on"}},"taxonomy-slugs":"","post-type":"product_detail","catid":"","postid":""}},"woocommerce_product_categories-4":{"title":"Categories","orderby":"name","dropdown":0,"count":"1","hierarchical":0,"show_children_only":"1","widget_style":"default","adoptions":"on","widget_display":{"display_select":"if_selected","checkbox":{"users":{"login":"on","logout":"on"}},"taxonomy-slugs":"product_cat","post-type":"product","catid":"","postid":""}},"woocommerce_price_filter-3":{"title":"Price","widget_style":"default","adoptions":"on","widget_display":{"display_select":"if_selected","checkbox":{"users":{"login":"on","logout":"on"}},"taxonomy-slugs":"product_cat","post-type":"product","catid":"","postid":""}},"tag_cloud-5":{"title":"Popular Tags","taxonomy":"product_tag","widget_style":"default","adoptions":"on","widget_display":{"display_select":"if_selected","checkbox":{"users":{"login":"on","logout":"on"}},"taxonomy-slugs":"","post-type":"product_detail","catid":"","postid":""}},"text-12":{"title":"","text":"[ya_recommend numberposts=\"4\" title=\"Recommend\"]","filter":false,"widget_style":"default","adoptions":"on","widget_display":{"display_select":"if_selected","checkbox":{"users":{"login":"on","logout":"on"}},"taxonomy-slugs":"product_cat","post-type":"product","catid":"","postid":""}},"text-10":{"title":"","text":"<div class=\"banner-sidebar\">\r\n<a href=\"#\" title=\"Banner Sidebar\"><img src=\"wp-content\/uploads\/2015\/07\/banner-cat.jpg\" alt=\"Banner Sidebar\"><\/a>\r\n<\/div>","filter":false,"widget_style":"default","adoptions":false,"widget_display":{"display_select":"all","taxonomy-slugs":"","post-type":"","catid":"","postid":""}}},"footer":{"text-3":{"title":"","text":"[logo_footer]\r\n<div class=\"logo-footer\">\r\n\t<div class=\"socials-footer\">\r\n\t\t<ul>\r\n\t\t\t<li class=\"li-social facebook-social\">\r\n\t\t\t\t<a href=\"https:\/\/www.facebook.com\/flytheme\" target=\"_blank\" title=\"Facebook\">\r\n\t\t\t\t\t<span class=\"fa fa-facebook icon-social\"><\/span>\r\n\t\t\t\t<\/a>\r\n\t\t\t<\/li>\r\n\t\t\t<li class=\"li-social twitter-social\">\r\n\t\t\t\t<a href=\"https:\/\/twitter.com\/Flytheme\" target=\"_blank\" title=\"Twitter \">\r\n\t\t\t\t\t<span class=\"fa  fa-twitter icon-social\"><\/span>\r\n\t\t\t\t<\/a>\r\n\t\t\t<\/li>\r\n\t\t\t<li class=\"li-social google-social\">\r\n\t\t\t\t<a href=\"https:\/\/plus.google.com\/u\/0\/102399087761949580069\/posts\" target=\"_blank\" title=\"Google plus\">\r\n\t\t\t\t\t<span class=\"fa fa-google-plus icon-social\"><\/span>\r\n\t\t\t\t<\/a>\r\n\t\t\t<\/li>\r\n\t\t\t<li class=\"li-social linkedin-social\">\r\n\t\t\t\t<a href=\"https:\/\/www.linkedin.com\/in\/flytheme\" target=\"_blank\" title=\"Linkedin\">\r\n\t\t\t\t\t<span class=\"fa fa-linkedin icon-social\"><\/span>\r\n\t\t\t\t<\/a>\r\n\t\t\t<\/li>\r\n\t\t\t<li class=\"li-social pinterest-social\">\r\n\t\t\t\t<a href=\"https:\/\/www.pinterest.com\/flytheme\/\" target=\"_blank\" title=\"Pinterest\">\r\n\t\t\t\t\t<span class=\"fa fa-pinterest icon-social\"><\/span>\r\n\t\t\t\t<\/a>\r\n\t\t\t<\/li>\r\n\t\t\t<li class=\"li-social skype-social\">\r\n\t\t\t\t<a href=\"#\" target=\"_blank\" title=\"Skype\">\r\n\t\t\t\t\t<span class=\"fa fa-skype icon-social\"><\/span>\r\n\t\t\t\t<\/a>\r\n\t\t\t<\/li>\r\n\t\t<\/ul>\r\n\t<\/div>\r\n<\/div>","filter":true,"widget_style":"col-3-footer","adoptions":"on","widget_display":{"display_select":"all","taxonomy-slugs":"","post-type":"","catid":"","postid":""}},"nav_menu-4":{"title":"About us","nav_menu":15,"widget_style":"column-2","adoptions":"on","widget_display":{"display_select":"all","taxonomy-slugs":"","post-type":"","catid":"","postid":""}},"nav_menu-5":{"title":"Help","nav_menu":16,"widget_style":"column-2","adoptions":"on","widget_display":{"display_select":"all","taxonomy-slugs":"","post-type":"","catid":"","postid":""}},"nav_menu-6":{"title":"Our Services","nav_menu":17,"widget_style":"column-2","adoptions":"on","widget_display":{"display_select":"all","taxonomy-slugs":"","post-type":"","catid":"","postid":""}},"text-4":{"title":"Contact Us","text":"<div class=\"contact-footer\">\r\n\t<div class=\"footer-block-content\">\r\n\t\t<ul>\r\n\t\t\t<li>\r\n\t\t\t\t<span class=\"label-footer\">Add:\r\n\t\t\t\t<\/span> Lafayette has a great customer service\r\n\t\t\t<\/li>\r\n\t\t\t<li>\r\n\t\t\t\t<span class=\"label-footer\">Tel:\r\n\t\t\t\t<\/span>\r\n\t\t\t\t<a title=\"Telephone\" href=\"tel:+842800011800\">02 8000 11 800<\/a>\r\n\t\t\t<\/li>\r\n\t\t\t<li>\r\n\t\t\t\t<span class=\"label-footer\">Email:\r\n\t\t\t\t<\/span>\r\n\t\t\t\t<a title=\"Email\" href=\"mailto:name@email.com\">hr@atomshop.com<\/a>\r\n\t\t\t<\/li>\r\n\t\t\t<li>\r\n\t\t\t\t<span class=\"label-footer\">Hotline:\r\n\t\t\t\t<\/span>\r\n\t\t\t\t<a title=\"Hotline\" href=\"tel:+846475071376\">647-507-1376<\/a>\r\n\t\t\t<\/li>\r\n\t\t<\/ul>\r\n\t<\/div>\r\n<\/div>","filter":false,"widget_style":"col-3","adoptions":"on","widget_display":{"display_select":"all","taxonomy-slugs":"","post-type":"","catid":"","postid":""}}},"footer-copyright":{"text-5":{"title":"","text":"<ul class=\"method list-inline pull-right\" >\r\n<li class=\"first\"><a href=\"#\" class=\"paypal-1\" title=\"Paypal\"><img src=\"wp-content\/themes\/sw_atom\/assets\/img\/paypal.png\" alt=\"\" \/><\/a>\r\n<\/li>\r\n<li><a href=\"#\" class=\"visa\" title=\"visa\"><img src=\"wp-content\/themes\/sw_atom\/assets\/img\/visa.png\" alt=\"\"\/><\/a>\r\n<\/li>\r\n<li><a href=\"#\"  class=\"paypal-3\" title=\"amazon\"><img src=\"wp-content\/themes\/sw_atom\/assets\/img\/card.png\" alt=\"\" \/><\/a>\r\n<\/li>\r\n<li><a  href=\"#\" class=\"paypal-2\" title=\"master\"><img src=\"wp-content\/themes\/sw_atom\/assets\/img\/master.png\" alt=\"\" \/><\/a>\r\n<\/li>\r\n<\/ul>","filter":false,"widget_style":"default","adoptions":"on","widget_display":{"display_select":"all","taxonomy-slugs":"","post-type":"","catid":"","postid":""}}}}